[
  {
    "id": 1,
    "coords": [55.7520233, 37.6174994],
    "title": "Московский Кремль",
    "image": "https://cdn.culture.ru/images/0ed8639c-ed61-5cf3-af66-2fc0015e2ce5",
    "description": "Московский Кремль — древнейшая часть столицы России, которая имеет большое историческое и культурное значение"
  },
  {
    "id": 2,
    "coords": [55.760221, 37.618561],
    "title": "Большой театр",
    "image": "https://i6.photo.2gis.com/images/branch/32/4503599636707062_dcd9.jpg",
    "description": "Большой театр — один из крупнейших и старейших в России и один из самых значительных в мире театров оперы и балета."
  },
  {
    "id": 3,
    "coords": [55.761092, 37.578308],
    "title": "Московский зоопарк",
    "image": "https://i.pinimg.com/originals/3d/df/e6/3ddfe6c5bf2f0be744c5cc936c4689dc.jpg",
    "description": "Московский зоопарк — зоологический парк в центре Москвы, один из старейших зоопарков в Европе (основан в 1864 году)."
  },
  {
    "id": 4,
    "coords": [55.765263, 37.667749],
    "title": "Школа акварели Сергея Андрияки",
    "image": "https://i5.photo.2gis.com/images/branch/0/30258560079377639_9666.jpg",
    "description": "Школа акварели Сергея Андрияки — это место, где любой желающий может научиться основам классической акварели и получить дополнительное художественное образование"
  },
  {
    "id": 5,
    "coords": [55.752507, 37.623150],
    "title": "Собор Василия Блаженного",
    "image": "https://media.istockphoto.com/id/1481308414/ru/%D1%84%D0%BE%D1%82%D0%BE/%D1%81%D0%BE%D0%B1%D0%BE%D1%80-%D0%B2%D0%B0%D1%81%D0%B8%D0%BB%D0%B8%D1%8F-%D0%B1%D0%BB%D0%B0%D0%B6%D0%B5%D0%BD%D0%BD%D0%BE%D0%B3%D0%BE.jpg?s=612x612&w=0&k=20&c=Sk1XOmrx1-GF7k_frlh-2mQIPruJGRSj87p_7idl0zo=",
    "description": "Храм Василия Блаженного (Собор Покрова Пресвятой Богородицы на Рву) — один из самых красивых и узнаваемых архитектурных памятников Москвы."
  },
  {
    "id": 6,
    "coords": [55.749588, 37.535299],
    "title": "Москва-Сити",
    "image": "https://irecommend.ru/sites/default/files/imagecache/copyright1/user-images/616672/nM0LchPch9jlNfzRpBOmVQ.jpg",
    "description": "Московский деловой центр «Москва-Сити» — ультрасовременный архитектурный комплекс небоскрёбов из стекла и бетона."
  },
  {
    "id": 7,
    "coords": [55.850939, 37.466287],
    "title": "Северный Речной Вокзал",
    "image": "https://cdn1.ozone.ru/s3/multimedia-w/6096547028.jpg",
    "description": "Северный речной вокзал — один из двух речных вокзалов Москвы (вместе с Южным), ранее Химкинский речной вокзал."
  },
  {
    "id": 8,
    "coords": [55.793263, 37.552987],
    "title": "Петровский путевой дворец",
    "image": "https://i01.fotocdn.net/s217/fe8c69fd102a2f80/public_pin_l/2962922625.jpg",
    "description": "Петровский путевой дворец в Москве — памятник русской неоготической архитектуры, построенный в 1776–1780-х годах по указу Екатерины II."
  },
  {
    "id": 9,
    "coords": [55.819682, 37.611663],
    "title": "Останкинская телебашня",
    "image": "https://avatars.mds.yandex.net/i?id=d9025058545230bda027fc48c0828386_l-8152091-images-thumbs&n=13",
    "description": "Останкинской телебашни находится небольшой музей, где можно узнать об истории и технических аспектах этого архитектурного чуда."
  },
  {
    "id": 10,
    "coords": [55.822751, 37.639752],
    "title": "Музей космонавтики",
    "image": "https://cdn.culture.ru/images/34c5d460-7b01-5b41-be21-611af9b11549",
    "description": "Музей космонавтики — это место, где каждый может окунуться в мир космоса, узнать много нового о достижениях человечества в освоении космического пространства"
  },
  {
    "id": 11,
    "coords": [55.832985, 37.618413],
    "title": "Москвариум",
    "image": "https://pic.rutubelist.ru/video/2024-11-14/34/f2/34f2052ab29cc796cf75daf1fcd82666.jpg",
    "description": "«Москвариум» — центр океанографии и морской биологии в Москве"
  },
  {
    "id": 12,
    "coords": [55.865786, 37.506755],
    "title": "Усадьба Грачёвка",
    "image": "https://a.d-cd.net/lGAAAgIhxuA-1920.jpg",
    "description": "Усадьба Грачёвка — ранее подмосковное село и усадьба, в XV–XVI веках принадлежавшая в одно время Третьяковым-Ховриным."
  },
  {
    "id": 13,
    "coords": [55.794308, 37.749258],
    "title": "Музей оружия",
    "image": "https://avatars.mds.yandex.net/get-altay/5448678/2a0000017eba78af242e3151dc0033d5fe5f/orig",
    "description": "Музей оружия в Москве — первый в России интерактивный музей, где все экспонаты можно трогать и примерять обмундирование различных эпох"
  },
  {
    "id": 14,
    "coords": [55.804522, 37.670672],
    "title": "Парк Сокольники",
    "image": "https://avatars.dzeninfra.ru/get-zen_doc/271828/pub_66768b15c3201e69a36baae2_66768fc556480e19084705d0/scale_1200",
    "description": "Парк культуры и отдыха «Сокольники» – памятник садово-паркового искусства, который сочетает в себе и площадки для проведения масштабных фестивалей, и тихие уголки нетронутой природы."
  }
]